{"is_source_file": true, "file_id": 7, "git_revision": "", "state": 1, "description": "", "external_files": [], "external_methods": [], "published": [], "classes": [], "methods": [], "calls": [], "search-terms": [], "ctags": [{"_type": "tag", "name": "root", "path": "/home/kavia/workspace/code-generation/simple-to-do-list-52990-53000/todo_frontend/src/index.js", "pattern": "/^const root = ReactDOM.createRoot(document.getElementById('root'));$/", "language": "JavaScript", "kind": "constant"}], "format": "JavaScript", "hash": null, "format-version": 4, "code-base-name": "todo_frontend", "filename": "todo_frontend/src/index.js", "knowledge_revision": 13}